{"accuracy": [0.4577656686306, 0.571185290813446, 0.6175068020820618, 0.6573569774627686, 0.6866484880447388, 0.6849455237388611, 0.7135558724403381, 0.7377384305000305, 0.7401226162910461, 0.7571526169776917, 0.7779291272163391, 0.7850817441940308, 0.8041552901268005, 0.807901918888092, 0.807901918888092, 0.8177793025970459, 0.8334468603134155, 0.8385558724403381, 0.8474114537239075, 0.8535422086715698, 0.8385558724403381, 0.8743187785148621, 0.9002043604850769, 0.9199591279029846, 0.928814709186554, 0.932901918888092, 0.9393733143806458, 0.9403951168060303, 0.9533378481864929, 0.9540190696716309, 0.9625340700149536, 0.9638964533805847, 0.968664824962616], "loss": [1.3855191469192505, 1.0637271404266357, 0.9608547687530518, 0.8778916597366333, 0.8096338510513306, 0.8100946545600891, 0.7434225678443909, 0.6951380968093872, 0.673349142074585, 0.6406137943267822, 0.5832740068435669, 0.5996115803718567, 0.5373660326004028, 0.5246140360832214, 0.48891961574554443, 0.4776085913181305, 0.4379653036594391, 0.41855424642562866, 0.40940141677856445, 0.37590721249580383, 0.43361225724220276, 0.337410032749176, 0.266817569732666, 0.21246032416820526, 0.19462496042251587, 0.20089255273342133, 0.17573043704032898, 0.1641436070203781, 0.13204163312911987, 0.12350922077894211, 0.10805517435073853, 0.09774863719940186, 0.09362305700778961], "val_accuracy": [0.24523161351680756, 0.24523161351680756, 0.24523161351680756, 0.30790191888809204, 0.6130790114402771, 0.6757493019104004, 0.7084468603134155, 0.7111716866493225, 0.692098081111908, 0.752043604850769, 0.5504087209701538, 0.7302452325820923, 0.7057220935821533, 0.7602179646492004, 0.7493187785148621, 0.664850115776062, 0.7656675577163696, 0.7411444187164307, 0.752043604850769, 0.7084468603134155, 0.7738419771194458, 0.752043604850769, 0.7983651161193848, 0.7929155230522156, 0.7901907563209534, 0.7847411632537842, 0.7602179646492004, 0.7738419771194458, 0.7901907563209534, 0.7901907563209534, 0.7956403493881226, 0.8065395355224609, 0.7983651161193848], "val_loss": [1.5959776639938354, 1.7194483280181885, 2.0363574028015137, 1.6119587421417236, 1.0417331457138062, 0.8784224390983582, 0.7696002721786499, 0.7585217952728271, 0.8426751494407654, 0.6733174324035645, 1.4577676057815552, 0.7097092270851135, 0.787976861000061, 0.6522864103317261, 0.6916732788085938, 0.905430793762207, 0.6447104215621948, 0.7809867262840271, 0.7653595805168152, 0.8990306258201599, 0.6946083307266235, 0.8246235251426697, 0.6299813389778137, 0.7511367797851562, 0.7844417095184326, 0.7148584723472595, 0.8546947240829468, 0.7725777626037598, 0.7179052233695984, 0.7782115340232849, 0.7590243220329285, 0.7466385960578918, 0.7541669607162476], "learning_rate": [9.999999747378752e-05, 9.999999747378752e-05, 9.999999747378752e-05, 9.999999747378752e-05, 9.999999747378752e-05, 9.999999747378752e-05, 9.999999747378752e-05, 9.999999747378752e-05, 9.999999747378752e-05, 9.999999747378752e-05, 9.999999747378752e-05, 9.999999747378752e-05, 9.999999747378752e-05, 9.999999747378752e-05, 9.999999747378752e-05, 9.999999747378752e-05, 9.999999747378752e-05, 9.999999747378752e-05, 9.999999747378752e-05, 9.999999747378752e-05, 9.999999747378752e-05, 9.999999747378752e-05, 4.999999873689376e-05, 4.999999873689376e-05, 4.999999873689376e-05, 4.999999873689376e-05, 4.999999873689376e-05, 4.999999873689376e-05, 2.499999936844688e-05, 2.499999936844688e-05, 2.499999936844688e-05, 2.499999936844688e-05, 2.499999936844688e-05]}