{"accuracy": [0.3923705816268921, 0.4550408720970154, 0.526566743850708, 0.5463215112686157, 0.5722070932388306, 0.5820844769477844, 0.5987738370895386, 0.6001362204551697, 0.6141008138656616, 0.6345368027687073, 0.6423705816268921, 0.6481607556343079, 0.6665531396865845, 0.6822206974029541, 0.6784741282463074, 0.6852861046791077, 0.6743869185447693, 0.6842643022537231, 0.6955040693283081, 0.7104904651641846, 0.7098092436790466, 0.7159400582313538, 0.7278610467910767, 0.7047002911567688, 0.7442098259925842, 0.7363760471343994, 0.7472752332687378, 0.763283371925354, 0.7472752332687378, 0.7636239528656006, 0.7694141864776611, 0.7680517435073853, 0.7949591279029846, 0.8252725005149841, 0.821866512298584, 0.8273161053657532, 0.8320844769477844, 0.8293596506118774, 0.8494550585746765, 0.8426430225372314, 0.8532016277313232, 0.847752034664154, 0.8423024415969849, 0.8610354065895081, 0.8753405809402466, 0.8784059882164001, 0.8814713954925537, 0.8876021504402161, 0.8933923840522766, 0.886239767074585], "loss": [7.532738208770752, 1.8178231716156006, 1.2351715564727783, 1.2015635967254639, 1.158224105834961, 1.0647581815719604, 1.033015251159668, 1.0147793292999268, 1.0134809017181396, 0.9649664759635925, 0.9432500004768372, 0.9249395728111267, 0.8624792098999023, 0.8578022122383118, 0.8547435402870178, 0.8525460362434387, 0.8503628373146057, 0.8263968229293823, 0.801243007183075, 0.7709243893623352, 0.7668643593788147, 0.7623741030693054, 0.7144785523414612, 0.7585441470146179, 0.6849079728126526, 0.698509693145752, 0.6913195848464966, 0.6502743363380432, 0.6703687906265259, 0.6588231921195984, 0.6387335062026978, 0.6187296509742737, 0.5473073124885559, 0.4797542095184326, 0.4857039749622345, 0.4674100875854492, 0.45345988869667053, 0.44357696175575256, 0.4102330505847931, 0.43362319469451904, 0.4057849049568176, 0.40598341822624207, 0.4006226360797882, 0.38031721115112305, 0.3377840220928192, 0.33270883560180664, 0.29798412322998047, 0.31428828835487366, 0.2836291790008545, 0.28983432054519653], "val_accuracy": [0.24795641005039215, 0.24523161351680756, 0.24795641005039215, 0.2833787500858307, 0.41689372062683105, 0.5885558724403381, 0.6376021504402161, 0.5967302322387695, 0.5694822669029236, 0.640326976776123, 0.6267030239105225, 0.6103542447090149, 0.6185286045074463, 0.5177111625671387, 0.6566757559776306, 0.6212534308433533, 0.6621253490447998, 0.692098081111908, 0.6948229074478149, 0.6730245351791382, 0.6839237213134766, 0.6485013365745544, 0.6103542447090149, 0.6566757559776306, 0.7002725005149841, 0.6757493019104004, 0.7329699993133545, 0.6784741282463074, 0.6512261629104614, 0.6893733143806458, 0.6893733143806458, 0.6866484880447388, 0.752043604850769, 0.7356948256492615, 0.7820163369178772, 0.7683923840522766, 0.7629427909851074, 0.7983651161193848, 0.7847411632537842, 0.7956403493881226, 0.7384195923805237, 0.7874659299850464, 0.7983651161193848, 0.7656675577163696, 0.752043604850769, 0.8201634883880615, 0.7956403493881226, 0.7983651161193848, 0.8201634883880615, 0.8283378481864929], "val_loss": [3.882352113723755, 2.365762948989868, 2.4148144721984863, 1.7783852815628052, 1.5126527547836304, 1.0516712665557861, 1.0290035009384155, 1.0558925867080688, 1.2373299598693848, 1.0014125108718872, 1.0777336359024048, 1.0932055711746216, 1.039415717124939, 1.4522991180419922, 0.9098612070083618, 1.0072479248046875, 0.9203985929489136, 0.8221578001976013, 0.8678687810897827, 0.9229596853256226, 0.8009837865829468, 1.0015101432800293, 1.1175819635391235, 1.1293652057647705, 0.7935712933540344, 0.9447681903839111, 0.7319016456604004, 1.0165326595306396, 1.3023573160171509, 0.9579660892486572, 0.9127615690231323, 1.0265870094299316, 0.7133694887161255, 0.7821154594421387, 0.6723170280456543, 0.6826114654541016, 0.6831774711608887, 0.6925385594367981, 0.7713215351104736, 0.6411311626434326, 0.993687093257904, 0.7107917070388794, 0.6647899150848389, 0.6679961681365967, 0.7686405777931213, 0.5575929880142212, 0.6966959834098816, 0.6322099566459656, 0.5682197213172913, 0.6138464212417603], "learning_rate": [0.0010000000474974513, 0.0010000000474974513, 0.0010000000474974513, 0.0010000000474974513, 0.0010000000474974513, 0.0010000000474974513, 0.0010000000474974513, 0.0010000000474974513, 0.0010000000474974513, 0.0010000000474974513, 0.0010000000474974513, 0.0010000000474974513, 0.0010000000474974513, 0.0010000000474974513, 0.0010000000474974513, 0.0010000000474974513, 0.0010000000474974513, 0.0010000000474974513, 0.0010000000474974513, 0.0010000000474974513, 0.0010000000474974513, 0.0010000000474974513, 0.0010000000474974513, 0.0010000000474974513, 0.0010000000474974513, 0.0010000000474974513, 0.0010000000474974513, 0.0010000000474974513, 0.0010000000474974513, 0.0010000000474974513, 0.0010000000474974513, 0.0010000000474974513, 0.0005000000237487257, 0.0005000000237487257, 0.0005000000237487257, 0.0005000000237487257, 0.0005000000237487257, 0.0005000000237487257, 0.0005000000237487257, 0.0005000000237487257, 0.0005000000237487257, 0.0005000000237487257, 0.0005000000237487257, 0.0005000000237487257, 0.0005000000237487257, 0.0002500000118743628, 0.0002500000118743628, 0.0002500000118743628, 0.0002500000118743628, 0.0002500000118743628]}