{"accuracy": [0.43017712235450745, 0.5238419771194458, 0.5541552901268005, 0.5940054655075073, 0.6001362204551697, 0.6072888374328613, 0.6301090121269226, 0.6416893601417542, 0.651566743850708, 0.6662125587463379, 0.6665531396865845, 0.6784741282463074, 0.6873297095298767, 0.6839237213134766, 0.6999318599700928, 0.7196866273880005, 0.7145776748657227, 0.733991801738739, 0.7544277906417847, 0.7646457552909851, 0.7820163369178772, 0.777247965335846, 0.7735013365745544, 0.7707765698432922, 0.7970027327537537, 0.803133487701416, 0.8000681400299072, 0.8085830807685852, 0.8153951168060303, 0.8198229074478149, 0.830381453037262, 0.817098081111908, 0.8293596506118774, 0.8375340700149536, 0.8273161053657532, 0.8279972672462463, 0.8365122675895691, 0.8423024415969849, 0.8378746509552002, 0.8368528485298157, 0.837193489074707, 0.8344686627388, 0.8382152318954468, 0.8385558724403381, 0.846389651298523, 0.8559264540672302, 0.843664824962616, 0.848433256149292, 0.8446866273880005, 0.8528610467910767], "loss": [1.7349282503128052, 1.1760917901992798, 1.0993270874023438, 1.0232017040252686, 1.0039619207382202, 0.9927569627761841, 0.9326841831207275, 0.9097955226898193, 0.902769923210144, 0.8630615472793579, 0.8593488335609436, 0.8212398290634155, 0.8054776191711426, 0.7895727157592773, 0.7692738175392151, 0.729955792427063, 0.7347820997238159, 0.6688538193702698, 0.6345754265785217, 0.6167828440666199, 0.5769752860069275, 0.5959637761116028, 0.5740211606025696, 0.6030985116958618, 0.5307271480560303, 0.5177810788154602, 0.5078263282775879, 0.48209887742996216, 0.4976993203163147, 0.47612303495407104, 0.4702921211719513, 0.47225019335746765, 0.4542076289653778, 0.454032838344574, 0.4556979537010193, 0.4441278576850891, 0.4381360113620758, 0.424385666847229, 0.4384493827819824, 0.43562236428260803, 0.43051934242248535, 0.4319780170917511, 0.4258572459220886, 0.44192662835121155, 0.42127692699432373, 0.4108528196811676, 0.40678155422210693, 0.4091704189777374, 0.4121110737323761, 0.41584569215774536], "val_accuracy": [0.1743869185447693, 0.20435968041419983, 0.2697547674179077, 0.4332424998283386, 0.4468664824962616, 0.5667575001716614, 0.6267030239105225, 0.6485013365745544, 0.5585830807685852, 0.5613079071044922, 0.6267030239105225, 0.6566757559776306, 0.5967302322387695, 0.6594005227088928, 0.6457765698432922, 0.640326976776123, 0.6730245351791382, 0.6866484880447388, 0.7057220935821533, 0.6893733143806458, 0.6757493019104004, 0.6948229074478149, 0.7057220935821533, 0.692098081111908, 0.7193460464477539, 0.7138964533805847, 0.7057220935821533, 0.7166212797164917, 0.7111716866493225, 0.7220708727836609, 0.7220708727836609, 0.7302452325820923, 0.7166212797164917, 0.7247956395149231, 0.7220708727836609, 0.7247956395149231, 0.7275204062461853, 0.7329699993133545, 0.7111716866493225, 0.7166212797164917, 0.7220708727836609, 0.7329699993133545, 0.7193460464477539, 0.7275204062461853, 0.7193460464477539, 0.7166212797164917, 0.7138964533805847, 0.7220708727836609, 0.7247956395149231, 0.7138964533805847], "val_loss": [2.2855563163757324, 3.2318081855773926, 3.331695556640625, 1.872196078300476, 1.3906948566436768, 1.0468976497650146, 1.0047266483306885, 0.9816581606864929, 1.1888266801834106, 1.1162209510803223, 0.9943494200706482, 0.9040355086326599, 1.2326762676239014, 0.9618513584136963, 1.0135247707366943, 1.0313845872879028, 0.906500518321991, 0.8783268332481384, 0.8227598071098328, 0.8968909382820129, 0.9034878015518188, 0.8727343082427979, 0.8607356548309326, 0.8622991442680359, 0.8145936727523804, 0.8235141634941101, 0.822346031665802, 0.847925066947937, 0.8474341630935669, 0.8812927007675171, 0.8135715126991272, 0.8273772597312927, 0.8285857439041138, 0.8204120397567749, 0.832249104976654, 0.8193089365959167, 0.8130085468292236, 0.8307695388793945, 0.8156187534332275, 0.8086903095245361, 0.815445065498352, 0.8271114230155945, 0.8231759071350098, 0.8124061822891235, 0.8262051939964294, 0.8136011958122253, 0.8298015594482422, 0.8189891576766968, 0.8193982839584351, 0.8208342790603638], "learning_rate": [0.009999999776482582, 0.009999999776482582, 0.009999999776482582, 0.009999999776482582, 0.009999999776482582, 0.009999999776482582, 0.009999999776482582, 0.009999999776482582, 0.009999999776482582, 0.009999999776482582, 0.009999999776482582, 0.009999999776482582, 0.009999999776482582, 0.009999999776482582, 0.009999999776482582, 0.009999999776482582, 0.009999999776482582, 0.004999999888241291, 0.004999999888241291, 0.004999999888241291, 0.004999999888241291, 0.004999999888241291, 0.004999999888241291, 0.004999999888241291, 0.0024999999441206455, 0.0024999999441206455, 0.0024999999441206455, 0.0024999999441206455, 0.0024999999441206455, 0.0024999999441206455, 0.0012499999720603228, 0.0012499999720603228, 0.0012499999720603228, 0.0012499999720603228, 0.0012499999720603228, 0.0012499999720603228, 0.0006249999860301614, 0.0006249999860301614, 0.0006249999860301614, 0.0006249999860301614, 0.0006249999860301614, 0.0006249999860301614, 0.0006249999860301614, 0.0006249999860301614, 0.0006249999860301614, 0.0003124999930150807, 0.0003124999930150807, 0.0003124999930150807, 0.0003124999930150807, 0.0003124999930150807]}