{"accuracy": [0.4179155230522156, 0.44209808111190796, 0.4856948256492615, 0.5408719182014465, 0.5405313372612, 0.5715258717536926, 0.636239767074585, 0.6679155230522156, 0.6645095348358154, 0.6914169192314148, 0.7006130814552307, 0.6958447098731995, 0.7060626745223999, 0.7162806391716003, 0.7176430225372314, 0.7203678488731384, 0.7309264540672302, 0.7292234301567078, 0.7472752332687378, 0.7649863958358765, 0.7728201746940613, 0.7762261629104614, 0.7905313372612, 0.7888283133506775], "loss": [11.381657600402832, 2.063655138015747, 1.4205188751220703, 1.2346841096878052, 1.2106640338897705, 1.1289440393447876, 0.9315406680107117, 0.8844369053840637, 0.8645311594009399, 0.8320848941802979, 0.7913948893547058, 0.792550802230835, 0.7913966178894043, 0.7585369944572449, 0.7510380148887634, 0.7320963144302368, 0.7186330556869507, 0.684617280960083, 0.7001776695251465, 0.6200243830680847, 0.6158419251441956, 0.5886743664741516, 0.5438359975814819, 0.5453402400016785], "val_accuracy": [0.20163488388061523, 0.24523161351680756, 0.24523161351680756, 0.24523161351680756, 0.24523161351680756, 0.24523161351680756, 0.26158037781715393, 0.3160763084888458, 0.3760218024253845, 0.41961851716041565, 0.4986376166343689, 0.6430517435073853, 0.6730245351791382, 0.7356948256492615, 0.7111716866493225, 0.7547683715820312, 0.7438691854476929, 0.7411444187164307, 0.7629427909851074, 0.7574931979179382, 0.7493187785148621, 0.7493187785148621, 0.7656675577163696, 0.7683923840522766], "val_loss": [4.680719375610352, 18.05803680419922, 7.739768028259277, 20.07684326171875, 9.813851356506348, 7.080519676208496, 4.51615571975708, 4.974155902862549, 3.8203024864196777, 3.81790828704834, 2.1525838375091553, 1.3805304765701294, 1.1052910089492798, 0.7142638564109802, 0.7796858549118042, 0.7343016862869263, 0.8228369951248169, 0.7956408262252808, 0.7364127039909363, 0.7590762972831726, 0.8096326589584351, 0.7441074252128601, 0.7668959498405457, 0.7776903510093689], "learning_rate": [0.0005000000237487257, 0.0005000000237487257, 0.0005000000237487257, 0.0005000000237487257, 0.0005000000237487257, 0.0005000000237487257, 0.0002500000118743628, 0.0002500000118743628, 0.0002500000118743628, 0.0002500000118743628, 0.0002500000118743628, 0.0002500000118743628, 0.0002500000118743628, 0.0002500000118743628, 0.0002500000118743628, 0.0002500000118743628, 0.0002500000118743628, 0.0002500000118743628, 0.0002500000118743628, 0.0001250000059371814, 0.0001250000059371814, 0.0001250000059371814, 0.0001250000059371814, 0.0001250000059371814]}